{"B1855+09_red_noise_gamma": 4.571208636529809, "B1855+09_red_noise_log10_A": -14.037498114113964, "B1937+21_red_noise_gamma": 3.837746330990507, "B1937+21_red_noise_log10_A": -13.510025876106392, "B1953+29_red_noise_gamma": 0.6183027870337163, "B1953+29_red_noise_log10_A": -12.415865916985847, "J0023+0923_red_noise_gamma": 2.842248500876825, "J0023+0923_red_noise_log10_A": -14.017345616619822, "J0030+0451_red_noise_gamma": 4.316030982994907, "J0030+0451_red_noise_log10_A": -14.411928020209576, "J0340+4130_red_noise_gamma": 3.366671325280444, "J0340+4130_red_noise_log10_A": -18.150843774116268, "J0406+3039_red_noise_gamma": 6.50059456200772, "J0406+3039_red_noise_log10_A": -18.89083812635385, "J0437-4715_red_noise_gamma": 1.6216472652644365, "J0437-4715_red_noise_log10_A": -16.81204190340414, "J0509+0856_red_noise_gamma": 0.7405206497975124, "J0509+0856_red_noise_log10_A": -17.83309405941848, "J0557+1551_red_noise_gamma": 1.9367574342288014, "J0557+1551_red_noise_log10_A": -17.164313226317013, "J0605+3757_red_noise_gamma": 0.5092157670866788, "J0605+3757_red_noise_log10_A": -17.07718486418175, "J0610-2100_red_noise_gamma": 5.69855637581691, "J0610-2100_red_noise_log10_A": -13.276670564523021, "J0613-0200_red_noise_gamma": 0.7602966553419401, "J0613-0200_red_noise_log10_A": -13.53416551636394, "J0636+5128_red_noise_gamma": 1.355570768341888, "J0636+5128_red_noise_log10_A": -18.682992209367747, "J0645+5158_red_noise_gamma": 1.1404138735814304, "J0645+5158_red_noise_log10_A": -13.35214500809124, "J0709+0458_red_noise_gamma": 3.2566781675587726, "J0709+0458_red_noise_log10_A": -17.92530385619849, "J0740+6620_red_noise_gamma": 0.9850392899376721, "J0740+6620_red_noise_log10_A": -17.681441468954176, "J0931-1902_red_noise_gamma": 6.7623297242503995, "J0931-1902_red_noise_log10_A": -17.789812425564506, "J1012+5307_red_noise_gamma": 0.6829975670876502, "J1012+5307_red_noise_log10_A": -12.648929642384616, "J1012-4235_red_noise_gamma": 0.5337062929229655, "J1012-4235_red_noise_log10_A": -18.14344971450622, "J1022+1001_red_noise_gamma": 3.3296927806902863, "J1022+1001_red_noise_log10_A": -19.16478148913861, "J1024-0719_red_noise_gamma": 1.5848058046408218, "J1024-0719_red_noise_log10_A": -13.608260114851698, "J1125+7819_red_noise_gamma": 4.773404503402542, "J1125+7819_red_noise_log10_A": -19.95516947001262, "J1312+0051_red_noise_gamma": 3.014028289978639, "J1312+0051_red_noise_log10_A": -13.489707195276141, "J1453+1902_red_noise_gamma": 1.89674540264805, "J1453+1902_red_noise_log10_A": -13.990759410010806, "J1455-3330_red_noise_gamma": 3.152669327712699, "J1455-3330_red_noise_log10_A": -16.239068278308054, "J1600-3053_red_noise_gamma": 1.0147692455842818, "J1600-3053_red_noise_log10_A": -14.001066180061008, "J1614-2230_red_noise_gamma": 5.834712660212507, "J1614-2230_red_noise_log10_A": -17.322695791379502, "J1630+3734_red_noise_gamma": 6.46359468074206, "J1630+3734_red_noise_log10_A": -15.082980632664105, "J1640+2224_red_noise_gamma": 3.961028567524563, "J1640+2224_red_noise_log10_A": -16.95031222541346, "J1643-1224_red_noise_gamma": 0.9347812432471694, "J1643-1224_red_noise_log10_A": -12.278687547414242, "J1705-1903_red_noise_gamma": 1.0691558164967951, "J1705-1903_red_noise_log10_A": -12.20056912715224, "J1713+0747_red_noise_gamma": 0.31365859130541135, "J1713+0747_red_noise_log10_A": -14.26047563476043, "J1719-1438_red_noise_gamma": 3.609452712231559, "J1719-1438_red_noise_log10_A": -14.293367700818148, "J1730-2304_red_noise_gamma": 4.193142922293924, "J1730-2304_red_noise_log10_A": -14.110968069153174, "J1738+0333_red_noise_gamma": 4.195042390846963, "J1738+0333_red_noise_log10_A": -14.545934912292497, "J1741+1351_red_noise_gamma": 1.6699425381936002, "J1741+1351_red_noise_log10_A": -13.729499320727246, "J1744-1134_red_noise_gamma": 0.8938823461732781, "J1744-1134_red_noise_log10_A": -18.306052722588742, "J1745+1017_red_noise_gamma": 2.7968079089993196, "J1745+1017_red_noise_log10_A": -11.845174474773428, "J1747-4036_red_noise_gamma": 3.1147541256466025, "J1747-4036_red_noise_log10_A": -12.720540798195485, "J1751-2857_red_noise_gamma": 2.356758556705008, "J1751-2857_red_noise_log10_A": -18.712987927222642, "J1802-2124_red_noise_gamma": 0.749631110296466, "J1802-2124_red_noise_log10_A": -12.154305868111122, "J1811-2405_red_noise_gamma": 4.344302592114313, "J1811-2405_red_noise_log10_A": -15.333142199020724, "J1832-0836_red_noise_gamma": 6.4348540782030295, "J1832-0836_red_noise_log10_A": -17.499547083153285, "J1843-1113_red_noise_gamma": 2.697742806441043, "J1843-1113_red_noise_log10_A": -16.930639184168363, "J1853+1303_red_noise_gamma": 0.9917543518152208, "J1853+1303_red_noise_log10_A": -13.350049465941337, "J1903+0327_red_noise_gamma": 1.7284781559299542, "J1903+0327_red_noise_log10_A": -12.328600727076324, "J1909-3744_red_noise_gamma": 4.806023387917025, "J1909-3744_red_noise_log10_A": -14.882737821999092, "J1910+1256_red_noise_gamma": 2.994917389225764, "J1910+1256_red_noise_log10_A": -13.706744907085596, "J1911+1347_red_noise_gamma": 4.626120404195375, "J1911+1347_red_noise_log10_A": -18.91604282180293, "J1918-0642_red_noise_gamma": 6.017414499635794, "J1918-0642_red_noise_log10_A": -15.87904314482875, "J1923+2515_red_noise_gamma": 0.6257540714757477, "J1923+2515_red_noise_log10_A": -15.407775372304764, "J1944+0907_red_noise_gamma": 0.44364490105456295, "J1944+0907_red_noise_log10_A": -13.100457363831072, "J1946+3417_red_noise_gamma": 0.8991874982897392, "J1946+3417_red_noise_log10_A": -12.51331699004684, "J2010-1323_red_noise_gamma": 0.37892496959273825, "J2010-1323_red_noise_log10_A": -19.85088771578298, "J2017+0603_red_noise_gamma": 1.7084081669873403, "J2017+0603_red_noise_log10_A": -16.019911496328284, "J2033+1734_red_noise_gamma": 0.6109355226860078, "J2033+1734_red_noise_log10_A": -13.77397276791693, "J2043+1711_red_noise_gamma": 3.0524590984983218, "J2043+1711_red_noise_log10_A": -14.660105769454587, "J2124-3358_red_noise_gamma": 1.3416571760968692, "J2124-3358_red_noise_log10_A": -13.094214428978589, "J2145-0750_red_noise_gamma": 0.19679537759510765, "J2145-0750_red_noise_log10_A": -12.954995089032087, "J2214+3000_red_noise_gamma": 5.333596893047594, "J2214+3000_red_noise_log10_A": -19.06545279634591, "J2229+2643_red_noise_gamma": 4.337776915447979, "J2229+2643_red_noise_log10_A": -14.509280506882646, "J2234+0611_red_noise_gamma": 4.969567938263605, "J2234+0611_red_noise_log10_A": -14.36262858515506, "J2234+0944_red_noise_gamma": 0.5783014687841812, "J2234+0944_red_noise_log10_A": -18.571482189013604, "J2302+4442_red_noise_gamma": 3.669618558389552, "J2302+4442_red_noise_log10_A": -18.37091962968033, "J2317+1439_red_noise_gamma": 2.421686598310858, "J2317+1439_red_noise_log10_A": -15.13122858918166, "J2322+2057_red_noise_gamma": 1.9191718811360428, "J2322+2057_red_noise_log10_A": -16.255885492486215, "gw_log10_A": -14.673301816894826}